Actual LASK1,Actual LASK2,Actual LASK3,Actual LASK4,LASK_time,Predicted LASK1,Predicted LASK2,Predicted LASK3,Predicted LASK4
67.922128,5197,5089,4997,5085,67.88810027999997,5182.06,5067.83,4780.28
51.519332,5201,5081,4997,5144,51.519078900000025,5163.73,5094.06,4815.91
86.360762,5189,4765,4524,4857,86.35494565999997,5074.62,4695.62,4709.33
110.315792,4448,4293,4392,4596,110.31719028999991,4442.99,4309.41,4386.01
127.069331,4752,4236,4268,4520,127.07525736000004,4746.08,4248.36,4262.1
80.753935,5225,4353,4804,5148,80.75752900000002,5132.61,4588.2,4798.59
71.168139,4605,4384,5028,5133,71.15881504000008,4860.33,4476.96,4890.51
35.386661,5201,5089,4997,5101,35.37357612999998,5175.26,5069.46,4990.2
19.354279,5196,5096,5005,5109,19.320741650000024,5200.7,5095.24,5002.95
30.921305,5192,5089,4997,5112,30.937706460000012,5168.8,5090.47,4959.98
91.444388,4113,5053,5013,5109,91.45851857999997,4686.37,5069.22,4857.65
66.087329,5065,5028,4976,5073,66.09254537999989,5013.1,4958.37,4934.12
69.112275,5224,4337,4340,5152,69.10550951000003,5211.04,4618.57,4607.36
36.488572,5240,4325,4981,5112,36.48025962000003,5101.0,4753.98,4989.27
101.078142,4373,4077,4385,4577,101.09041011000008,4389.51,4078.74,4397.38
25.822328,5196,5093,4948,5117,25.835289450000005,5198.25,5092.94,4931.24
10.049217,5208,5096,5000,5029,10.028099440000005,5199.86,5091.29,4917.57
111.623508,4505,4396,4388,4604,111.62203607999999,4501.19,4414.74,4383.88
32.42078,5188,3776,4240,4485,32.41124753000001,4878.83,4361.21,4483.25
4.810103,5188,5088,4997,5137,4.781417459999993,5192.05,5085.77,5004.37
58.810591,5204,5092,4413,5157,58.826627619999975,5195.95,5091.8,4788.58
31.085764,5193,5080,4996,5105,31.11918417000001,5104.91,5039.88,4937.43
55.455121,5193,5100,4621,5116,55.418799469999975,5192.98,5093.23,4760.92
59.957068,5205,4820,5020,5140,59.969925620000005,5206.31,4633.94,5016.75
107.379153,4576,4368,4404,4588,107.3859618599999,4571.74,4370.33,4400.24
107.634201,4600,4404,4408,4584,107.65658400000008,4601.18,4407.27,4399.75
83.092079,5192,5081,5001,5096,83.06284091999996,5195.86,5079.85,4973.34
118.569963,5108,5085,5005,5109,118.54573290999993,4967.04,5088.18,4985.54
48.055534,5208,5097,5004,4992,48.04708018999996,5195.0,5091.07,5003.2
7.487392,5192,5100,5000,5136,7.525451770000001,5187.02,5085.55,4988.05
88.240986,4988,4873,4920,5048,88.19386507000009,5075.44,4749.63,4557.05
125.988538,4757,4044,4260,4509,125.96816112999997,4754.04,4077.92,4270.35
16.078573,5185,5028,5004,5133,16.041475399999996,5114.72,4884.05,5001.35
39.463706,5193,5088,5001,5045,39.46303931000001,5196.91,5060.44,4898.99
46.754273,5201,5093,4444,5141,46.78144712999999,5203.96,5094.91,4670.85
93.661609,5225,4416,4944,5117,93.67785985000006,5171.48,4419.51,4936.22
125.382911,4757,3937,4269,4517,125.48229587000006,4757.12,3982.04,4264.34
19.542761,5209,5085,4997,5113,19.550902460000003,5197.64,5094.76,4995.26
73.552407,5200,5080,4993,5109,73.65858461000008,5190.93,5069.59,4969.01
59.025785,5196,5084,4997,5137,58.999310829999956,5194.02,5091.69,4929.14
41.332063,5193,4961,5005,5101,41.36021999999999,5160.63,5018.21,4848.08
124.588028,4764,3941,4272,4513,124.6167388100001,4756.87,4113.04,4267.87
111.386994,4492,4408,4397,4589,111.41870846999981,4498.92,4402.31,4387.85
83.63792,5196,5045,5004,5116,83.63320174999998,5159.73,4591.01,4675.14
125.739098,4757,4016,4268,4516,125.74938539000004,4755.77,4025.27,4262.95
45.64331,5205,5097,4837,5116,45.685225269999954,5164.64,5090.5,4849.71
6.437151,5193,5093,5009,5117,6.440248529999994,5154.86,4922.57,4964.92
4.510577,5196,5100,5005,5117,4.497781980000001,5196.78,5087.12,5003.29
61.542708,5184,5077,5000,5140,61.50981219999998,4947.22,4615.35,4931.98
104.755934,4704,4612,4441,4572,104.73415906,4623.35,4425.11,4517.34
59.793152,5188,5077,5001,5113,59.809490909999916,5187.23,5079.75,4929.85
79.818201,5168,5033,5000,5104,79.85224559000002,5003.34,4952.96,4998.11
102.461412,4376,4113,4385,4576,102.45296404999998,4381.74,4110.92,4388.76
50.835319,5188,5084,5005,5104,50.87489922999999,5061.35,5087.59,4999.76
27.179768,4728,5109,5016,5136,27.198446319999974,4926.79,5087.68,5002.01
94.364295,5148,5089,5008,5105,94.35719250999988,5141.36,5059.81,4993.1
36.350721,5209,4949,5009,5108,36.320978640000014,5205.04,4662.35,4981.02
43.902771,5217,4841,5012,5112,43.64670482000005,5214.38,4769.32,4998.65
4.569798,5189,5092,5009,5136,4.561145210000004,5195.38,5085.93,5007.0
114.365494,5204,5104,4352,5145,114.38831924000002,5191.4,5108.84,4443.13
118.915369,4976,5101,5005,5108,118.89613580000002,5085.82,5092.56,4996.57
21.80871,5212,5060,5001,5112,21.757852920000005,5191.43,5040.37,4998.22
120.533849,5040,4937,4884,5065,120.58425847999992,5068.36,4583.32,4725.49
84.320335,5225,4225,4117,5152,84.32281585000003,5192.81,4429.6,4370.14
95.34188,5181,5096,5013,4912,95.30128185000005,5161.64,5060.53,4970.97
123.474138,4757,3917,4248,4516,123.46369947000005,4762.49,3928.17,4252.41
93.285165,5205,5116,4352,5113,93.28519874000003,5073.83,5079.43,4483.93
96.576956,4329,4753,4969,5044,96.58083606000002,4548.75,4425.99,4935.83
73.485309,5189,5065,4997,5104,73.47114348000002,5193.48,5079.33,4992.33
59.437145,5196,5065,4997,5117,59.45890518999997,5179.52,5077.72,4989.85
48.982534,5213,5081,4941,5097,48.97291463000002,5204.26,5086.47,4986.35
38.05046,5204,5092,5024,4472,38.10559490000002,5195.29,5039.1,4963.96
18.119188,5212,5104,4952,5116,18.109496539999984,5202.62,5095.6,4952.91
92.702388,5188,5092,5001,5053,92.69429495000003,5151.53,5055.41,4974.02
77.75959,5192,5093,5001,5113,77.73338906000005,5194.47,5084.93,4973.56
16.496887,5225,4504,5028,5116,16.487123350000015,5209.27,4669.72,5016.86
40.347884,5204,5085,4980,5113,40.309026969999984,5205.36,5064.75,4826.05
73.135765,5201,5061,4992,5109,73.16960044000005,5147.54,4813.78,4814.67
33.546945,5188,5092,5005,5105,33.551636840000036,5187.91,5090.52,4953.45
81.460258,5196,5080,5000,5097,81.43611719000002,5200.37,5090.09,4954.4
70.826317,4896,4824,5013,5116,70.8202782499999,5201.52,4708.6,4801.77
127.024117,4725,4321,4269,4517,127.02830189000004,4746.84,4254.53,4262.05
96.603034,4177,4652,4969,5041,96.65999629000002,4270.87,4418.02,4940.67
47.797952,5201,5093,5028,4481,47.80946308000002,5200.62,5081.77,5000.15
52.403558,4852,5097,5000,5112,52.39885331999997,4904.64,5098.75,4923.31
29.632734,5204,5052,4985,4857,29.619122650000023,5184.32,4981.7,4991.08
19.891976,5193,5092,4997,5117,19.93304880000001,5198.14,5093.4,4985.37
70.762188,4720,4828,5012,5109,70.78986639999991,5143.88,4606.09,4802.78
49.229032,5208,5105,4432,5164,49.21226013000001,5170.73,5094.51,4781.44
6.055339,5188,5084,5009,5113,6.02963771,5190.15,5088.12,5002.64
10.995104,5197,5089,5008,5097,10.95201067,4891.44,4667.34,4658.03
38.926798,5197,5089,4997,4992,38.897323700000015,5194.49,5083.63,4985.58
11.473672,5205,5097,4997,5101,11.458080560000003,5152.86,5020.4,4808.29
33.876729,4252,4985,5012,5112,33.84176558000002,4721.28,4985.81,4923.79
100.640241,4380,4077,4381,4573,100.62428810999994,4372.67,4074.06,4385.29
6.773326,5192,5093,5005,5112,6.78111766,5188.95,5070.55,4881.07
95.395216,5177,5104,5037,4445,95.44294464000001,5129.04,5071.87,4939.68
14.830523,5189,5089,4992,5116,14.80278436,5194.36,5094.82,4948.64
5.201162,5189,5088,5005,5109,5.202074950000001,5192.2,5086.84,5002.33
8.359257,5193,5084,5004,5113,8.410965690000006,5202.14,5054.84,4929.78
4.711026,5205,5085,5004,5140,4.685113419999997,5194.26,5088.84,5003.27
75.419187,5209,5088,4997,5116,75.43245519999996,5198.15,5088.25,4930.88
65.691542,4364,4069,4253,4624,65.68870202999992,4481.83,4260.7,4385.33
83.893046,5209,4808,4772,5117,83.88841633999995,5196.23,5027.21,4736.41
11.792146,4588,4309,4277,4469,11.853020199999996,4930.36,4673.02,4526.01
21.700062,5221,4493,5009,5141,21.716247139999986,5208.15,4658.29,4995.07
100.243465,4365,4040,4373,4577,100.26452575000006,4369.13,4076.83,4406.9
60.170158,5189,5093,4992,5112,60.158125110000064,5191.47,5085.49,4948.06
109.259457,5181,5088,5005,5116,109.26281221000008,5165.51,5076.16,4985.76
125.79435,4752,4021,4261,4520,125.83942599999995,4755.19,4033.07,4264.29
8.522236,5172,5089,4997,5117,8.54901073000001,5194.17,5070.44,4847.44
77.657752,5205,5012,4928,5117,77.65069379000005,5196.64,5063.91,4923.03
13.276958,4628,4312,3933,4501,13.32267211,5076.07,4857.74,4859.23
8.938503,5176,5009,5009,5113,8.947483209999994,5169.75,4915.97,4971.98
62.078953,5192,5088,5000,5097,62.08233700999999,5012.85,4845.31,4818.48
107.869077,4605,4424,4405,4585,107.94212490000007,4614.9,4424.1,4402.1
88.764335,5200,5089,5012,5101,88.72218785000004,5193.82,5078.74,5000.77
49.457337,5204,4869,5017,5116,49.46369896999999,5203.72,4770.11,4996.76
49.421711,5197,5021,5005,5104,49.49966035000001,5161.57,4988.76,5010.43
36.872294,4544,5100,5005,5116,36.92970809000002,5053.12,5044.33,5003.73
54.779568,5197,5089,4981,5109,54.77280700999993,5189.57,5095.69,4725.88
61.370177,4512,5084,5009,5116,61.31485257,4860.1,4801.18,4959.19
70.712203,4484,4813,5021,5108,70.73676319999986,4934.63,4694.59,4862.33
21.485269,5192,5100,4993,5117,21.487407330000014,5194.93,5088.71,5004.1
55.808097,5193,5084,5000,5100,55.791243270000024,5187.32,5086.95,4987.6
117.738211,4328,5100,5005,5105,117.7180592100001,4488.5,5057.23,4942.07
32.35226,4660,3580,4009,4476,32.33290745999998,4661.94,4050.35,4218.27
74.519831,5208,5109,4420,4873,74.51568911999998,5200.88,5094.39,4880.45
118.503448,5201,5089,4993,5109,118.51314825000004,5084.17,5087.72,4999.02
104.568306,4416,4240,4397,4588,104.5498998800001,4411.11,4241.15,4400.93
90.353734,5205,5097,5001,5108,90.3528931700001,5202.24,5088.81,4951.61
118.782398,4456,5092,5008,5109,118.7777707000002,4484.8,5079.13,4981.5
99.337193,4344,4013,4365,4572,99.43191641000004,4344.62,4023.86,4372.25
29.311945,5189,5089,5008,5113,29.289457989999978,5155.16,5066.32,4991.37
89.714337,5192,5076,5012,4397,89.73764411999997,5164.07,5055.16,4970.12
32.384768,5076,3709,4165,4480,32.351918289999986,4859.49,4394.36,4504.12
29.133261,5188,5088,5000,5112,29.10058731000002,5150.66,5094.29,4967.94
4.817752,5197,5093,5004,5112,4.822870569999991,5192.36,5085.02,5004.12
68.013238,5193,5085,4993,5093,68.03951615999999,5189.14,5087.13,4779.7
53.703729,5192,5041,4997,5113,53.76032118,5161.03,5021.16,5005.78
17.46744,5040,5101,5005,5133,17.48644389000001,5178.06,5076.77,5002.55
92.829413,5189,5097,5024,4477,92.74823420000001,4976.61,4668.1,4656.58
90.438025,5201,5093,4988,5112,90.44953977000003,5201.48,5089.67,4752.48
18.187817,5209,5108,4592,5140,18.21117269999999,5204.98,5096.62,4673.37
48.637945,5200,5085,4993,5097,48.65552007999999,5205.09,5089.4,4969.67
125.469811,4768,3969,4256,4509,125.47711885999985,4760.85,3985.08,4279.31
82.269775,5193,5108,4604,4472,82.29047890000004,5192.82,5101.19,4774.2
37.54439,5200,5084,4956,5109,37.547314029999974,5203.98,5094.27,4944.88
113.442092,5188,5105,5036,4484,113.35475388000003,5171.49,5021.05,4931.96
40.687785,5208,5096,4541,5141,40.58207628000002,5206.58,5092.23,4866.13
71.915154,5184,5045,4996,5108,71.91839029999998,5197.88,4890.27,4901.42
12.487147,5196,5100,5004,5117,12.490295299999998,5185.27,5049.73,4932.11
80.9692,5188,5089,4997,5104,80.94632466999998,5198.23,5089.63,4992.03
52.827758,5200,4649,5020,5112,52.84804014,5196.09,4739.87,4992.22
112.234963,5172,5089,5001,5109,112.21645458999997,5176.88,5083.94,4966.35
28.094462,5201,5092,4504,5141,28.138560410000032,5192.35,5093.4,4866.25
68.078182,5204,5117,4580,5004,68.08753497000004,5200.3,5087.79,4821.12
125.360274,4753,3937,4261,4508,125.45789713999999,4756.24,3987.88,4271.51
5.522605,5201,5093,4996,5117,5.529890210000002,5194.78,5088.59,5005.42
114.815336,5205,5109,4429,5141,114.85667618999994,5197.3,5108.96,4544.6
20.524279,5205,5089,5005,5109,20.506703239999982,5202.89,5091.23,4933.85
35.906659,5208,5085,4889,5105,35.91977155000004,5095.55,4941.48,4626.44
32.464004,5205,4761,4769,4769,32.47768424000002,5125.12,4653.73,4740.24
92.571395,5184,5093,4992,5101,92.57460844999994,5118.71,5037.8,4909.76
16.341793,5204,5044,5000,5109,16.356195139999993,5123.23,4996.42,5004.99
101.753171,4381,4093,4392,4572,101.73353335999992,4380.23,4095.87,4389.33
85.762587,4760,4492,4841,5145,85.77153266000003,4922.72,4452.42,4845.14
20.965178,5221,4509,5012,5136,20.988358359999992,5145.41,4913.22,4996.59
22.132455,5205,5092,5001,5109,22.126893260000017,5194.35,5089.42,4998.86
11.252155,4721,4548,4653,4961,11.27515157000001,4838.2,4650.61,4537.29
19.067931,5205,5092,5000,5117,19.134599670000004,5199.8,5094.59,4992.09
13.440229,5189,5100,5008,5108,13.467167330000004,5076.78,4945.6,4972.91
55.103159,5192,5089,4953,5112,55.09537306999998,5121.22,5086.64,4800.75
125.027654,4764,3944,4257,4513,125.02752599000013,4790.0,4294.0,4512.84
103.266927,4389,4132,4388,4577,103.24276118999992,4389.33,4140.87,4387.78
86.469994,5025,4093,4248,4436,86.46728140999998,5006.37,4471.14,4580.96
58.082854,5196,5097,4828,5097,58.08557933000003,5195.36,5095.42,4774.98
82.149366,5200,5092,4944,4992,82.2113089400001,5144.2,5077.9,4863.09
8.080368,5204,4992,4368,4428,8.098515460000005,5147.92,5049.75,4903.48
37.803063,5201,5093,4841,5108,37.80580620000004,5205.87,5069.68,4855.79
34.161378,5196,4949,5004,5108,34.16756039000001,5135.26,5010.23,4996.93
94.042847,4397,5065,5013,5116,94.06705074000001,4852.1,4914.61,4934.18
13.07239,5200,5092,5005,5112,13.093298790000013,5177.36,5047.6,4868.63
53.925731,5201,5044,4425,5157,53.98586159000004,5170.83,5084.21,4752.28
4.479018,5193,5093,5005,5108,4.473861369999996,5195.22,5087.2,5008.01
61.859734,4664,4113,4349,4477,61.893965279999996,5076.6,5010.22,4945.41
107.933871,4613,4424,4404,4592,107.97792189000002,4618.15,4429.81,4403.28
74.687247,5204,5084,5000,5096,74.60957661999998,5197.84,5086.1,4936.05
91.74372,5188,5089,4996,5109,91.81708322000003,5173.08,5075.12,4978.24
87.950145,5184,5085,4993,5093,87.94115625999993,5164.94,4562.94,4815.74
120.613419,4705,4040,4329,4721,120.7147286199999,4789.34,4468.85,4546.52
75.987673,5196,5077,4996,5097,75.98148121000004,5198.77,5084.78,4992.69
108.703209,5204,5088,4992,5101,108.71863422000003,5164.14,5076.16,4943.76
13.045204,5189,5092,5004,5136,13.028875450000005,5165.27,4996.34,4920.83
126.607033,4756,4185,4261,4508,126.59916210999994,4753.29,4204.59,4271.84
56.090967,5188,5092,5004,5045,56.13928732,5182.19,5089.1,5003.47
23.642647,5200,5109,4624,5148,23.583989339999995,5199.55,5093.07,4829.11
18.241418,5209,5109,4421,5153,18.247269669999998,5202.42,5096.8,4890.6
77.459249,5216,4949,4113,5156,77.40955356999993,5109.74,4895.14,4760.33
121.617165,5176,5092,5009,5136,121.62052910000016,5129.26,4960.47,4859.14
93.789429,5216,4720,5005,5136,93.791662,5177.88,4592.06,4987.57
32.625436,5197,5080,5000,5116,32.58249062000001,5138.84,5046.72,4960.17
14.582153,5197,5088,4996,5112,14.587750519999991,5190.24,5072.6,4854.16
7.069093,5196,5092,5004,5113,7.049836319999998,5183.41,5090.25,4985.83
93.528189,5196,5004,5000,5109,93.59174555000006,5131.97,5002.48,4987.95
16.46979,5221,4501,5024,5116,16.44880856000001,5212.7,4680.81,5017.07
9.372151,5204,5089,4961,5112,9.401772809999997,5138.73,4946.76,4894.39
120.123679,4741,3993,4340,4608,120.10614969999999,4917.14,5030.89,4919.64
100.445915,4365,4052,4384,4577,100.43139715999995,4372.03,4052.4,4378.34
70.668234,4485,4824,5021,5116,70.65857196999987,4846.8,4641.46,4796.8
113.3955,5197,5093,5009,4956,113.34574823000004,5173.59,5056.6,4996.03
40.282368,5204,5092,4992,5100,40.28582557999998,5204.14,5085.97,4891.99
85.871225,4477,4112,4561,5144,85.87620675000004,4693.48,4202.41,4697.55
32.954113,5149,4884,4877,4817,32.95544442,5107.7,4821.53,4789.75
85.277129,4436,4041,4961,5116,85.28800866000003,4790.83,4298.33,4823.59
66.247843,4660,4177,4213,4884,66.24149525999995,4814.22,4558.67,4475.85
37.69341,5216,5089,4428,5141,37.68993409000001,5204.07,5035.66,4915.87
116.539382,5189,5096,4996,5108,116.55789320000007,5190.72,5079.87,4994.14
110.591294,4461,4348,4388,4589,110.58327827000002,4462.24,4354.35,4386.3
64.177803,5188,5092,5001,5105,64.22198319000007,5185.2,5089.16,4964.57
67.152427,4472,4540,4629,4993,67.13546965000003,5089.25,5067.78,4927.89
106.037554,5185,5064,4937,5021,106.00458032000002,5155.64,5022.04,4906.8
26.438888,5205,5100,4869,5136,26.42632311,5191.93,5071.54,4848.37
39.80721,5208,5085,4960,5108,39.84147870000003,5205.13,5079.12,4867.22
49.761375,5196,5036,4997,5109,49.73760280999999,5157.39,5076.13,4961.47
124.552541,4764,3937,4260,4517,124.59565821000007,4781.61,4134.44,4267.67
5.177215,5192,5089,5005,5109,5.184638769999998,5191.14,5086.29,5002.0
29.736878,5188,5093,5004,5105,29.72263503000002,5175.85,5004.21,4989.04
56.177872,5184,5085,5001,5113,56.193712979999994,5174.73,5087.75,4995.36
39.14337,5201,5093,5000,5089,39.18181542,5195.24,5083.79,4958.33
64.949097,4796,4780,4728,4953,64.96071246000001,4741.97,4640.52,4662.82
48.794782,5208,5093,4800,5117,48.759432370000006,5206.37,5092.03,4737.61
106.012203,5185,5084,4961,5065,105.99739284000003,5167.04,5027.82,4956.71
75.068266,5205,5104,4656,4772,75.08079079000001,5163.48,5061.3,4792.77
120.929806,5189,5088,5000,5113,121.00881905999996,5056.18,4967.1,4922.86
17.289903,4797,5117,5008,5112,17.253135430000004,4916.16,5039.52,4900.64
40.741121,5216,5092,4716,5109,40.74602888999998,5206.34,5081.41,4805.96
113.170471,5197,5096,5001,5064,113.20724771999998,5194.44,5092.58,4996.55
8.487434,5205,5088,5000,5136,8.436927920000011,5181.62,4999.69,4941.58
98.278024,5192,5096,5001,5105,98.26738483000003,4968.55,4940.46,4850.2
18.625746,5201,5097,5012,4976,18.59896056999999,5200.36,5092.72,5002.19
61.522336,5193,5077,5000,5136,61.48694483,4917.04,4650.53,4930.06
81.61164,5212,4992,4896,5140,81.61571595999997,5195.59,4977.11,4813.87
79.108891,4620,4369,5033,5108,79.08999366999987,4793.25,4607.24,4974.01
39.72374,5197,5092,4997,5100,39.791394320000045,5203.47,5071.13,4872.28
7.22513,5189,5093,5000,5109,7.263781510000004,5192.35,5072.99,4944.51
104.175328,4393,4176,4393,4576,104.20116168999988,4389.54,4179.27,4395.54
83.353252,5196,5084,4424,4932,83.36272373000003,5194.68,5092.17,4734.25
85.605645,5184,5093,5005,5109,85.59551112999998,5188.75,5006.32,4991.34
121.890045,4793,4004,4177,4528,121.86782219999988,4922.6,4368.58,4682.04
107.096801,4560,4328,4389,4592,107.08326437999995,4556.53,4318.56,4419.2
116.085771,5184,5088,4992,5104,116.06922238000008,5191.6,5066.68,4996.95
121.933036,4797,4621,4885,4917,121.90682020999995,4971.86,4598.45,4805.79
39.69116,5204,5084,4993,5101,39.74691400000004,5206.76,5074.33,4820.72
115.645323,5192,4997,5001,5108,115.66231025000012,5194.01,5060.4,4998.55
38.727739,5209,5088,5009,4836,38.66388319999996,5206.41,5091.78,4973.52
59.700407,5213,4685,5016,5109,59.657740319999974,5197.14,4837.59,5003.01
56.661403,5173,5089,4997,5116,56.63902507000003,5151.9,5087.79,5004.35
7.359778,5196,5092,5004,5145,7.345191200000008,5193.1,5077.18,4935.41
110.808206,4468,4368,4388,4589,110.80917577999995,4466.64,4371.58,4386.06
58.424275,5196,5105,4537,5149,58.397837800000005,5195.33,5095.95,4691.58
104.011371,4388,4177,4396,4572,104.00001224000003,4389.09,4187.18,4397.95
21.162412,5093,5093,5009,5113,21.21626768,4683.17,5060.03,4990.07
69.487886,5184,5093,4961,5113,69.48271286999999,5192.52,5011.83,4851.23
98.37682,5197,5089,5000,5100,98.38736309000005,5050.93,4939.35,4853.36
46.32369,5204,5088,4960,5116,46.2479928,5152.85,5083.19,4788.53
59.169346,5205,4609,5008,5113,59.20234152999997,5203.57,4665.56,5009.25
10.838147,4452,4309,4369,4508,10.81910500999998,4748.09,4420.77,4660.02
108.33987,4581,4485,4413,4589,108.35053506,4632.49,4450.94,4401.65
12.205814,4605,4384,4613,4932,12.199837990000006,4968.41,4772.94,4806.57
67.5622,5189,5089,4993,5109,67.64130215999998,5150.03,5080.53,4930.23
12.516114,5196,5101,5004,5109,12.555300539999998,5168.35,5054.38,4919.66
61.137805,4992,5101,4997,5112,61.089093929999954,5177.18,5072.67,4829.77
92.390459,5197,5104,4345,5145,92.39078933999987,5143.75,4893.63,4570.94
33.131212,4873,3804,4237,4525,33.13172239999999,4946.14,4074.73,4436.31
19.218113,5204,5096,5000,5133,19.203406480000023,5198.98,5092.79,4998.65
33.389788,5189,5096,5012,5108,33.40521599999998,5189.61,5090.57,4791.49
21.909887,5197,5088,4993,5112,21.983095849999994,5200.8,5090.03,4997.04
101.312223,4377,4081,4384,4568,101.30602611000006,4379.58,4079.74,4388.54
33.080551,4889,3864,4277,4520,33.06511257999997,4936.33,4447.58,4543.88
31.391472,5200,5089,4997,5112,31.36106731000002,5167.04,5075.84,4984.91
97.971305,4376,3724,4224,4580,97.98472396999999,4398.59,3878.67,4266.64
27.546948,5117,4985,5009,5117,27.571301359999996,4977.47,4782.29,4915.77
89.313181,5192,5093,5004,5113,89.31410194000004,5136.73,5014.71,4923.02
100.567179,4364,4048,4380,4565,100.56176430999994,4371.37,4064.62,4380.28
116.809368,5217,4621,5004,5113,116.79970279999992,5193.35,4707.05,4972.11
13.3126,4716,4508,4168,4572,13.362497429999994,5151.39,4796.17,4823.68
17.703891,5212,4916,5009,5116,17.700739020000025,5200.08,4798.71,5006.68
5.748772,5192,5088,5005,5113,5.7575493499999935,5190.7,5078.24,5001.53
91.684221,5156,5088,4997,5133,91.61591873000002,5064.08,5066.21,4915.71
107.319244,4573,4356,4401,4593,107.32105068999998,4569.31,4383.16,4403.9
120.76136,4917,4896,4865,4864,120.7369472899999,4897.16,4912.25,4734.52
119.609894,5177,5085,5004,5117,119.59475398000009,5152.49,5084.21,4990.64
64.585243,4368,4280,4337,4561,64.60174781000002,4816.2,4723.97,4694.74
90.139766,5200,5105,4957,4473,90.13507283000004,5201.88,5092.84,4940.02
39.189256,5196,5085,5001,5096,39.155262930000006,5202.46,5059.2,5009.17
120.673446,4689,4057,4344,4684,120.70019748999988,4756.43,4424.63,4439.05
90.929426,5212,4752,4988,5113,90.96827214000007,5202.52,4931.0,4945.14
17.984701,5204,5108,5000,5113,18.048745670000006,5200.6,5095.08,5006.27
110.390205,4445,4308,4388,4588,110.38015473999992,4452.2,4318.61,4387.19
45.561736,5204,5112,5004,5112,45.48806187999997,5193.92,5065.93,4970.55
14.262138,5192,5100,5009,5112,14.322113260000005,5191.21,5091.0,4913.76
118.17418,4412,5101,5012,5117,118.18181848,4517.15,5074.5,4899.83
6.854919,5188,5092,5001,5116,6.85865542,5190.51,5080.9,4993.12
106.991449,4548,4317,4393,4588,106.98607410000002,4551.4,4307.42,4396.36
12.710629,4817,4485,4056,4517,12.721925559999995,4948.46,4692.95,4711.01
78.238726,5196,4941,4969,5116,78.29891868999998,5195.24,5074.6,4995.1
59.42214,5188,5064,5008,5108,59.40146326000002,5190.81,5083.65,4975.51
28.771423,5205,5084,4961,5109,28.762163280000017,5197.98,5093.29,4954.5
68.112736,5209,5100,4369,4680,68.14114753000007,5201.53,5092.24,4837.77
84.510379,5189,5089,4996,5112,84.53637277000009,5190.39,5081.06,4957.76
83.829408,5232,4316,4205,5156,83.80392056999997,5209.1,4663.36,4638.72
76.683133,5197,5100,4996,5109,76.65687116000004,5194.89,5078.28,4961.52
52.231352,5189,5089,5001,5112,52.21019904999997,4914.08,5100.09,4892.06
87.154328,5197,5088,5004,5108,87.13782447000003,5169.41,5059.33,4942.26
4.775754,5185,5089,5004,5113,4.745658229999996,5194.75,5088.33,5001.73
9.148353,5168,4309,4952,5109,9.189205640000006,5144.58,4706.15,4948.57
51.793518,5149,5084,5000,5132,51.82398759999999,5156.25,5092.74,4915.36
75.71263,5212,5105,4508,4533,75.73173219000006,5201.35,5091.74,4693.07
5.369238,5205,5084,5009,5117,5.371179379999998,5190.35,5086.96,5002.74
41.001778,5204,5100,4828,5117,41.00047343999996,5196.66,5037.02,4863.03
103.355288,4392,4133,4385,4577,103.36429202000001,4387.49,4140.73,4389.01
61.250375,4777,5105,4997,5116,61.24422669000006,4827.29,4967.62,4845.27
15.793754,5193,5097,5004,5109,15.807517729999995,5185.67,5091.66,5005.27
72.700183,5208,4869,4860,5141,72.67154245999996,5206.25,4623.52,4604.22
113.625336,5205,5100,5004,4988,113.6467921799999,5191.97,5080.71,4991.61
104.204409,4389,4172,4396,4572,104.25139769999994,4389.19,4182.27,4396.12
51.131752,5101,5092,5001,5133,51.15282478000001,5028.45,5090.5,4931.27
8.775205,4465,5084,5009,5113,8.741805909999993,4504.65,5047.58,4826.34
69.442236,5193,5101,5004,5116,69.43008296999994,5170.25,5047.5,4896.57
101.62633,4377,4089,4385,4565,101.57845799999997,4381.87,4092.75,4387.93
122.886847,5109,5080,5005,5109,122.88653541999992,5095.49,4871.68,4852.92
67.440591,5189,5101,5005,5108,67.41076513000002,5187.18,5069.51,4957.55
54.749071,5193,5100,4996,5108,54.73196599000003,5184.62,5091.56,4866.7
12.137992,5073,5021,4981,5096,12.113887790000005,5006.1,4847.87,4871.13
7.950167,5204,5028,4888,4405,7.921919459999999,5169.43,5066.78,4881.85
64.240923,5189,5093,5000,5104,64.21091275000005,4986.11,5042.54,4857.23
15.5147,5196,5112,4424,5149,15.50478316000002,5191.13,5102.17,4717.36
69.807178,5189,5084,4997,5132,69.82808118999999,5190.85,5093.37,4902.25
40.419918,5201,5097,4492,5140,40.43819476999997,5205.15,5078.95,4612.23
125.559355,4753,4013,4264,4513,125.60098768999985,4755.24,4011.52,4263.32
53.841008,5192,5072,4776,5144,53.85071647000004,5084.32,5033.71,4894.64
38.750304,5197,5085,4992,5036,38.72823544999998,5202.75,5090.65,5001.2
74.751602,5197,5088,4996,5100,74.74360126000005,5198.01,5088.23,4950.1
25.67149,5200,5097,5000,5105,25.7528883,5198.16,5097.13,4912.14
64.887734,5161,5081,5005,5097,64.87588017000004,5085.87,4842.82,4884.81
80.881818,5196,5077,5008,5113,80.92158842999999,5184.58,5071.25,4986.48
112.954308,5193,5108,5032,4484,112.96564648000005,5145.77,4862.77,4921.16
8.874499,5144,5084,5004,5137,8.87845299,4796.3,5046.21,4853.44
102.084113,4381,4085,4384,4548,102.09118008999994,4381.44,4107.68,4389.15
39.243651,5197,5092,5008,4941,39.216015249999984,5196.18,4993.2,4926.37
4.75542,5204,5088,5013,5117,4.746189119999997,5193.67,5088.88,5002.29
120.095032,4745,3977,4324,4600,120.0449849499999,4842.56,4942.78,4640.44
49.835237,5213,4740,5017,5109,49.814134570000014,5045.07,4877.32,4985.05
115.362025,5189,5117,4372,5144,115.39433891999997,5196.53,5107.3,4472.67
16.37384,5209,5001,5008,5145,16.437842900000007,5139.44,4766.88,4942.96
114.661779,5184,5093,4997,5109,114.67068960999988,5195.72,5090.88,4982.8
79.712507,4657,4541,5028,5113,79.67949567000001,4827.86,4616.94,4947.08
119.92952,5109,4977,4925,5045,119.90036307000003,5116.59,4678.07,4869.33
122.838052,5020,5045,5005,5093,122.85976727999993,5015.5,4700.8,4886.47
76.495562,5209,4929,4900,5113,76.56283964000006,5192.37,4900.27,4816.77
67.855364,5197,5084,4977,5060,67.76227545,5157.71,4936.28,4793.4
16.245629,5189,5097,5004,5109,16.213400440000004,5188.33,5093.5,5000.72
35.258878,5205,5092,5001,4965,35.26751613999999,5193.45,4960.82,5005.73
63.749346,4961,5069,5020,5084,63.739530389999956,4905.74,4969.01,4902.63
92.949167,5189,5093,4993,5088,92.98068415999998,5188.24,5047.0,4973.95
112.405992,5181,5093,5016,4980,112.41782501000003,5180.15,5045.49,4993.19
70.03513,5188,4928,4897,5117,70.10355057999998,5215.95,4665.67,4547.12
62.526813,5073,5093,5009,5076,62.537777199999915,5074.72,4918.17,4907.06
69.012265,5228,4301,4324,5152,68.97729722999992,5219.04,4544.97,4533.91
120.468541,5189,5108,5008,5112,120.43828023,5081.7,4724.63,4911.81
71.405262,5201,5061,5000,5108,71.36668683999994,5068.28,4721.55,4852.1
5.827276,5192,5077,5004,5113,5.825829699999998,5192.92,5087.12,5004.65
51.462396,5012,5096,4993,5137,51.46416856000003,5012.33,5091.79,4972.52
12.392127,5204,5073,4993,5081,12.391861459999996,5070.63,4973.94,4843.44
38.358896,5212,5100,5025,4428,38.35723891999999,5205.12,5080.46,4952.64
70.610214,4504,4917,5016,5109,70.61078058999988,4802.39,4738.55,4898.4
99.402296,4344,4013,4373,4577,99.44891543000006,4370.28,4022.87,4361.91
55.817782,5189,5088,5012,5104,55.810052879999965,5189.0,5085.28,4988.4
56.442797,5189,5097,5024,4485,56.43753512000005,5170.9,5081.57,5016.63
117.185085,5196,4980,5004,5140,117.1676996200001,5179.94,4777.63,4996.99
48.517932,5204,5100,4425,5136,48.52104088,5202.76,5092.8,4802.84
59.343842,5205,5044,5005,5112,59.30868897000002,5180.98,4993.42,4989.18
47.611075,5208,5089,5012,5104,47.54484783000004,5204.3,5090.44,4994.96
104.726889,4529,4421,4425,4588,104.63013045000007,4560.96,4229.97,4470.79
36.381405,5216,4780,5005,5113,36.39077785000001,5216.14,4574.17,4985.92
26.833306,5188,5093,5001,5116,26.85389815999996,5020.03,5015.25,4987.19
49.612987,5220,4424,5012,5109,49.623497820000004,5212.77,4619.9,4999.79
56.305369,5181,5084,5001,5021,56.30587965999999,5013.59,4982.28,4910.47
56.147773,5196,5084,5001,5096,56.13692037999997,5184.04,5086.4,4978.93
115.791329,5220,4317,4996,5101,115.80831363000004,5210.87,4582.03,4945.87
126.908163,4760,4236,4268,4516,126.90748142000001,4751.45,4228.3,4264.0
84.668437,5189,5021,4937,5101,84.63956093000003,5074.54,4837.81,4739.95
53.674806,5200,4985,5005,5112,53.69559126000001,5161.26,4909.63,5004.72
59.733657,5196,5036,5004,5117,59.75235155999995,5188.31,4935.52,4952.85
73.808295,5233,4444,4560,5148,73.81070672999998,5221.29,4578.1,4624.69
11.024688,5204,5097,5004,5108,11.005160639999994,4924.91,4811.92,4702.71
74.558435,5212,5097,4817,5005,74.61558435999997,5199.44,5089.3,4941.88
29.392098,5192,5093,5001,5092,29.39320260000001,5176.87,4919.06,5001.36
103.326929,4385,4140,4381,4572,103.32452048999995,4388.46,4140.69,4385.56
40.668735,5209,5105,4648,5141,40.57674537000001,5207.1,5090.19,4834.22
27.387039,5208,5092,4997,5141,27.418765779999994,5154.77,5094.42,4991.2
68.731652,5200,5089,4988,5080,68.73225174000001,5197.54,5088.94,4985.67
101.205337,4381,4080,4385,4572,101.22915938000004,4381.21,4078.15,4400.75
72.203111,5213,4920,4717,5117,72.20594347000004,5197.55,4671.99,4648.3
10.3755,4620,4313,4368,4468,10.36945639,5172.32,5083.53,4906.32
22.835508,5200,5089,4756,5141,22.819364800000006,5201.55,5090.77,4801.79
31.265606,5196,5093,4992,5112,31.30916602,5120.63,5065.57,4957.78
17.318971,4605,5105,5009,5116,17.33526663000001,4911.54,5062.06,4983.55
100.725291,4377,4068,4385,4569,100.77631428999997,4377.96,4076.52,4385.81
24.451977,5204,5092,5004,5101,24.47100335,5194.76,5093.0,5003.08
104.440332,4401,4189,4397,4577,104.45040506,4396.95,4194.86,4399.41
107.602315,4589,4397,4404,4585,107.59085185999999,4594.41,4399.1,4401.75
46.184413,5216,5097,4713,5116,46.18150590000002,5203.02,5086.93,4837.53
8.189861,5205,5025,4425,4457,8.217277039999997,5160.25,4999.26,4833.55
74.157237,5204,5093,4993,5109,74.13812511999998,5196.21,5091.6,4956.91
9.499976,5205,5105,4389,5133,9.465539150000003,5180.39,4844.43,4710.66
7.687019,5205,5088,5001,5101,7.68999032,5109.87,5077.32,4901.04
20.782255,5204,4960,5009,5137,20.78016322999999,5161.63,4974.02,5008.5
121.859833,4788,3992,4164,4525,121.81019503999997,4943.2,4415.17,4541.06
38.075362,5196,5092,5025,4469,38.08150084000001,5201.39,5079.78,4951.98
50.589295,5193,4856,4985,5109,50.576946549999995,5204.57,4662.8,5003.92
88.700137,5193,5081,4997,5116,88.66705786000004,5198.11,5083.51,5002.78
33.610692,5157,5088,4997,5137,33.64199072999999,5162.77,5079.82,4975.57
6.287862,5193,5093,5004,5116,6.297232500000006,5190.55,5074.32,4999.59
31.641372,4933,5069,4996,4956,31.703490099999975,5111.24,5009.43,4948.67
64.500959,4332,4061,4300,4540,64.47665226999999,4356.2,4133.38,4309.89
47.670069,5200,5085,4993,5112,47.71440081999997,5192.34,5090.11,4992.4
10.410202,4649,4325,4380,4481,10.393511489999998,5175.03,5078.94,4928.68
112.071248,5181,5089,5001,5113,112.15240641999989,5184.59,5087.57,4997.55
66.020592,5184,5097,5005,5104,66.00239149999992,5160.02,4973.11,4918.59
30.778675,5192,5064,5000,5032,30.768949130000024,5028.61,4843.98,4806.78
105.633643,5188,5080,5004,5113,105.62644512000006,5183.09,5091.87,5002.84
60.924504,5160,5097,5004,5112,60.956526749999966,5182.32,5090.06,4914.42
96.891438,5149,4945,4860,4525,96.86001107000001,5080.23,4672.32,4900.7
82.487239,5193,5088,5001,5116,82.48551706999999,5195.35,5080.49,4956.1
90.766105,5201,5093,5004,5096,90.77032773000005,5199.03,5087.51,4956.23
5.028616,5192,5088,5009,5116,5.027489570000004,5191.17,5086.81,5004.3
5.036125,5196,5080,4996,5113,5.046224060000003,5189.64,5087.77,5003.48
75.103687,5205,5133,4433,4588,75.16410038999994,5205.85,5094.64,4826.9
13.64699,5200,5100,5024,4797,13.560440410000007,5145.41,5067.89,4983.59
54.649008,5192,5093,4940,5109,54.66313180000004,5190.86,5094.93,4794.28
84.260114,5224,4201,4093,5165,84.2512572,5155.12,4606.05,4571.67
11.322674,4640,4308,4356,4505,11.33314291000001,4911.55,4728.39,4631.88
66.515227,5184,5089,5004,5096,66.51138653000002,5188.86,5080.42,4987.47
91.172233,5212,5000,5009,5109,91.19267776999992,5188.29,5028.84,4970.05
39.831354,5209,5096,4880,5096,39.91791488000002,5197.09,5078.39,4818.19
76.745733,5192,5097,4997,5104,76.80842827,5195.41,4897.17,4832.55
94.22373,4224,5057,5008,5105,94.22651136999997,4388.1,4983.65,5002.62
30.384652,5205,5081,5004,5108,30.346996310000037,5078.64,4911.85,4977.72
5.297737,5193,5084,4997,5117,5.296601029999994,5191.36,5086.76,5005.38
118.426779,5148,5084,5009,5104,118.4578941300001,5118.95,5088.76,4990.14
33.236759,5017,5036,4936,4972,33.24895354999998,4806.32,5045.26,4970.55
109.160591,5177,5093,5000,5109,109.16738529999989,5184.31,5093.97,4999.65
102.106168,4348,4165,4377,4541,102.11704511999994,4381.14,4109.11,4388.25
109.464371,5185,5089,5005,5113,109.48181433999994,5159.54,4898.62,4927.49
31.055739,5177,5088,5001,5101,31.05510314000001,5142.19,5068.26,4956.36
75.747032,5209,5116,4432,4521,75.77734927000006,5208.02,5100.67,4655.03
37.245399,5193,4924,5008,5116,37.22273707000001,5111.94,4840.41,5003.48
83.92823,5205,5020,4932,5109,83.93571563999996,5197.61,5075.05,4693.88
94.794343,5181,5036,4997,5117,94.78878425,5045.81,4938.46,4901.31
113.556945,5201,5096,5032,4473,113.50034243999997,5169.99,4872.94,5000.77
12.882946,5193,5096,5004,5137,12.892583230000014,5141.71,4994.46,4969.56
75.326927,5200,5076,5001,5105,75.31672525999988,5200.72,5094.01,4881.28
55.876932,5181,5084,5000,5056,55.94450959000001,5183.27,5079.06,5001.03
72.415426,5221,4869,4932,5137,72.40977372999998,5207.63,5028.24,4855.0
88.591649,5192,5092,4992,5112,88.61107763999999,5194.91,5078.23,4997.46
17.083839,5196,5105,4997,5116,17.058767960000004,5183.89,5093.95,5000.45
117.347152,5208,4768,5008,5109,117.33214620000014,5115.33,4802.5,5006.79
50.416721,5188,5020,5000,5116,50.432467920000065,5190.43,5005.04,5010.67
34.463263,5201,5088,4996,5105,34.440401690000016,5194.31,5072.04,4983.9
121.577644,5181,5081,4997,5104,121.58072018000016,5167.9,4997.74,4924.52
115.953343,5213,4840,5013,5117,115.97468276000009,5194.41,4861.18,5003.24
51.1693,5169,5085,5000,5105,51.19233699000004,5055.94,5093.98,4992.95
65.552279,4732,4708,4713,5004,65.58006597,4698.51,4728.36,4590.32
114.876909,5196,5108,4357,5153,114.87476397999994,5200.03,5106.22,4409.71
110.493334,4444,4320,4393,4588,110.51174726999989,4451.14,4347.03,4389.24
100.474755,4377,4044,4385,4577,100.50347203,4369.52,4050.65,4392.78
14.905089,5185,5096,5012,5117,14.916146670000007,5192.6,5093.8,5001.7
23.176909,5197,5088,5005,5112,23.16644807999998,5196.61,5093.45,4981.18
99.544554,4352,4017,4365,4576,99.53967288999989,4399.31,4028.66,4407.35
8.647842,4289,5065,5008,5140,8.671743280000003,4545.59,5082.69,4966.02
54.965055,5188,5096,4805,5105,54.97117538999993,5192.22,5094.93,4727.24
39.778825,5204,5089,4992,5101,39.826488440000034,5205.06,5087.84,4917.9
55.420793,5192,5084,4977,5116,55.34682911,5179.29,5090.41,4858.61
111.295976,4496,4396,4388,4596,111.23399218999992,4493.7,4403.94,4393.25
70.899181,5201,5076,4997,5100,70.93595171000004,5190.08,5086.1,4986.79
21.350995,4612,5096,5013,5136,21.32106038000001,5175.64,5075.63,5006.15
94.570719,5189,4272,4948,5116,94.58624280000005,5084.5,4462.01,4969.42
71.199699,4593,4216,5029,5113,71.22276176000003,4914.53,4486.81,4878.67
47.640126,5204,5092,5000,5105,47.6601807,5197.79,5089.98,4989.37
14.42858,5189,5093,4997,5105,14.441290659999993,5195.29,5094.24,4926.31
10.439016,4981,4845,4704,4649,10.482467659999989,5180.83,5091.89,4890.1
26.6299,5189,5088,4997,5112,26.60399639,5041.98,5043.92,4986.57
117.28028,5204,4768,4993,5113,117.26864593000008,5171.15,4693.72,4898.23
110.095952,4440,4293,4376,4584,110.08938325000004,4460.18,4287.75,4382.76
74.393204,5205,5145,4376,4916,74.3867428,5201.38,5096.25,4937.05
121.231273,4756,4065,4372,4733,121.15061162999991,4837.24,4361.22,4469.38
123.091086,5213,5065,4997,5089,123.06095481999995,5157.68,4667.03,4689.77
78.177165,5225,4453,4560,5148,78.11473845000002,5164.2,4969.61,4970.75
80.197966,4725,4840,5024,5117,80.2133928899999,4746.91,4791.48,4984.9
69.99267,5184,5093,5004,5116,69.94513915000003,5189.05,4999.28,4874.94
116.635771,5188,5045,5001,5132,116.63696710999993,5183.57,4937.58,4999.7
61.931439,4665,4125,4393,4512,61.90697606000007,4843.74,4133.61,4456.09
23.092214,5192,5085,5005,5133,23.067351089999985,5199.09,5090.98,4981.02
81.141513,5224,4548,4812,5140,81.13015719999996,5119.95,4777.59,4859.4
70.055635,5197,4748,4832,5140,70.09648427999997,5212.4,4579.21,4539.22
22.998088,5204,5097,5013,5109,23.01638356999998,5198.59,5092.13,4841.56
7.554124,5204,5088,4996,5137,7.536921120000009,5197.98,5092.68,4988.43
29.072444,5197,5096,5000,5136,29.027447790000025,5036.69,5089.23,4990.59
119.453399,4964,4057,4556,4713,119.47361969000002,4887.88,4830.24,4905.35
112.643044,5189,5093,5001,5008,112.61181010000004,5171.65,5052.09,4961.94
43.444687,4949,5097,5001,5113,43.543129310000005,5075.52,5045.35,4936.0
55.853407,5188,5092,5001,5081,55.860316619999956,5185.31,5087.69,4967.93
14.107536,5197,5104,5025,4469,14.074173030000011,5081.75,4998.98,4988.77
53.875591,5201,5044,4425,5152,53.92173086000003,5178.56,5052.19,4734.85
68.474158,5213,5112,4636,4856,68.48591378,5197.51,5088.26,4788.1
59.452691,5197,5029,5012,5117,59.473373129999985,5184.31,5060.94,4956.28
49.586896,5213,4385,4997,5112,49.53102782999999,5216.76,4517.94,5009.51
91.552328,4168,5036,5024,5109,91.59739501000007,4656.14,5042.87,4821.5
51.153191,5153,5088,5005,5109,51.15883211000003,5016.83,5092.76,4968.44
47.212423,5209,5088,4996,5116,47.210836530000016,5192.75,5092.94,4869.12
37.507182,5193,5096,4993,5109,37.50275910999999,5206.33,5003.2,4957.85
8.280095,5197,5077,4992,5044,8.304850519999993,5160.9,4949.17,4904.01
65.732445,4929,4864,4772,4872,65.73286910999997,4795.13,4767.63,4775.43
41.988227,5185,5080,4996,5113,41.99963404999995,5178.41,4985.4,4984.54
89.797954,5197,5084,5025,4472,89.77594966999996,5178.89,5022.28,4979.84
70.691267,4489,4805,5012,5113,70.69009569999986,4744.13,4649.36,4852.25
77.822461,5197,5089,5001,5145,77.83209338,5186.47,5057.26,4975.66
8.165857,5205,5009,4377,4445,8.19073429,5099.03,4993.21,4890.08
99.308299,4341,4013,4361,4572,99.3219686900001,4372.03,4018.38,4375.78
13.619976,5196,5097,5005,5068,13.486876060000007,5087.69,5009.05,4911.74
65.204457,5161,5057,4953,5089,65.17419090999996,5101.89,4826.71,4794.61
17.023108,4941,5109,5005,5117,17.004677290000004,5168.73,5087.01,4942.88
83.511834,5196,5073,4957,5092,83.48218373,5194.18,5081.38,4857.44
68.344421,5205,5093,4996,5100,68.36438714000005,5198.63,5082.65,4899.43
45.737884,5208,5101,4440,5148,45.75575104000001,5203.06,5092.77,4757.19
118.945132,5065,5096,4989,5116,118.97641159999999,5158.32,5087.32,4997.88
18.696809,5205,5096,5028,4600,18.687196419999996,5184.94,5093.35,5004.69
48.847289,5201,5096,4517,5117,48.859864960000024,5184.4,5091.99,4730.79
70.434063,5181,5096,5008,5136,70.43966408,5189.52,5079.05,4994.46
74.998745,5201,5088,4940,5101,75.01946933000004,5178.97,5077.93,4842.75
102.917563,4373,4148,4389,4573,102.91206875999985,4386.54,4138.8,4385.81
57.587938,5197,5112,4685,5104,57.64366400999996,5192.98,5092.48,4844.59
61.405197,4493,5092,5004,5117,61.41197646,4903.27,4813.9,4951.45
71.953249,5185,5072,4993,5104,71.94266497000001,5193.96,5079.36,4979.26
13.410149,5200,5096,5008,5113,13.41211914,5052.25,4886.77,4924.04
41.07693,5193,5089,5001,5108,41.10915230000001,5202.98,5016.44,4956.62
30.195953,4908,4393,4380,4557,30.19679618000004,4916.85,4671.46,4688.03
76.970539,5225,4473,4425,5149,76.94843594000007,5163.43,4651.34,4591.35
105.697007,5181,5100,5004,5144,105.71965084000009,5187.1,5092.54,4999.92
54.91143,5193,5100,4424,5148,54.89909643999992,5191.85,5098.66,4575.56
5.340208,5200,5088,5013,5112,5.336978279999999,5195.84,5090.04,5002.96
25.89403,5196,5092,5000,5109,25.89050232,5197.72,5090.04,4931.17
57.94155,5189,5084,5001,5104,57.92406210999998,5192.87,5090.19,4759.2
10.929993,5165,4909,4661,4733,10.93017878,4935.37,4537.96,4659.22
103.666842,4384,4141,4389,4572,103.64443956000007,4389.7,4147.73,4391.99
61.629211,5188,5085,5005,5113,61.62809397999994,5151.13,4920.23,4785.23
93.947329,5200,5097,5004,5105,93.94537658999998,4993.59,5078.6,4981.62
101.155325,4380,4081,4380,4572,101.16788626000005,4378.11,4076.46,4387.79
9.734643,5201,5092,4997,5108,9.74896638,5202.71,5076.07,4970.98
92.068129,5176,4925,5005,5116,92.06701945000005,5099.48,4720.44,4935.24
94.466865,5184,4969,5001,5113,94.42981673999995,5029.05,4733.21,4962.78
5.970711,5200,5085,5000,5113,5.925707739999998,5187.95,5094.36,5002.62
33.286691,5208,5096,4996,5093,33.30036659999998,5091.56,5014.27,4884.85
92.527133,5192,5096,5000,5100,92.50278801999995,4992.71,5058.37,4944.46
51.268902,5017,5081,4996,5109,51.20486424999999,4870.96,5095.81,4996.22
96.694151,3992,4124,4937,5045,96.6919570700001,4093.43,4212.37,4828.76
46.622944,5205,5088,4997,5109,46.649601360000034,5202.6,5089.26,4903.33
56.545289,5173,5092,5000,5113,56.57828507000003,5182.66,5086.3,4999.42
110.24814,4440,4296,4384,4581,110.25829028999995,4441.42,4311.59,4386.64
121.029271,5177,5052,4981,5113,121.0786992999999,5129.65,4832.26,4872.38
68.925122,5197,4969,4828,5109,68.92243269999999,5103.83,4639.15,4616.3
82.78728,5192,5101,4497,4504,82.79017894999998,5195.21,5084.76,4677.02
78.821909,5192,5081,5008,5117,78.80999837999998,5172.66,5081.97,4999.33
86.631422,5204,5085,5009,5104,86.64070220000002,5196.12,5031.42,4967.28
87.422373,4944,4657,4569,4889,87.42394536000005,4946.24,4731.11,4749.08
52.918899,5192,5072,5001,5108,52.91892143999997,5183.64,5064.57,4984.45
11.922983,5209,5085,4996,5088,11.898360599999991,5152.58,4983.64,4820.0
11.600128,5212,5097,4997,5137,11.59324102,5018.76,4893.54,4803.41
57.407764,5181,5081,4993,5081,57.37037829999999,5190.55,5088.44,4966.92
47.927863,5204,5089,4993,5093,47.93939632999997,5198.33,5090.64,4971.9
72.35906,5237,4269,4205,5117,72.36383996999999,5223.23,4421.02,4399.12
40.11875,5208,5092,4773,5117,40.11201287000005,5205.16,5090.83,4737.15
16.766791,5192,5096,5008,5100,16.779566159999995,5019.99,5094.34,5004.86
97.442858,4496,4881,4796,4788,97.46168191999992,4573.18,4701.39,4646.46
19.705317,5208,5096,5008,4984,19.617064749999997,5199.13,5094.77,4987.47
110.866159,4469,4384,4392,4592,110.85651661999998,4471.98,4378.07,4390.35
103.456247,4389,4148,4389,4580,103.44912056000008,4387.07,4143.95,4390.59
87.572404,4752,4269,4352,4609,87.66594307,4852.17,4567.62,4622.48
34.360359,5224,4616,4992,5097,34.33679388000004,5195.78,4599.14,4994.51
21.292282,4544,5068,5008,5136,21.257195550000006,4719.7,5005.91,4995.23
21.559204,5200,5064,4997,5109,21.57205109999998,5104.78,4955.67,4964.18
30.485339,5209,5097,5004,5089,30.49657761000003,5037.88,4922.97,4872.23
17.419668,4553,5097,5016,5112,17.368066250000005,4861.33,5073.53,5003.86
126.510464,4764,4193,4269,4512,126.50699911999986,4754.78,4189.94,4265.83
9.640931,5200,5089,4992,5113,9.732115219999997,5186.32,5083.82,4861.97
67.537379,5193,5096,5009,5113,67.61741409999999,5189.53,5087.92,4897.93
106.873593,4544,4288,4388,4588,106.88746935,4546.64,4304.84,4398.25
38.807652,5200,5085,4996,5089,38.84450764999998,5203.96,5080.67,4969.84
121.265916,4744,4029,4369,4736,121.22623339999993,4943.86,4702.51,4864.92
45.802252,5205,5080,4969,5108,45.80270869000002,5203.65,5089.71,4884.18
108.619305,5168,5068,4952,5044,108.64578666000001,5118.6,5026.45,4945.66
93.714347,5221,4424,4973,5140,93.72956993000007,5140.39,4459.36,4850.73
50.617752,5204,4697,4984,5109,50.638287959999964,5205.98,4584.02,5004.67
77.19371,5192,5084,5001,5109,77.18724498000002,5195.76,5089.37,4933.64
31.414482,5196,5092,5000,5113,31.418073330000013,5165.75,5079.72,4993.15
49.940575,5220,4456,5005,5101,49.931637080000016,5210.08,4550.23,5008.66
106.644383,4537,4272,4400,4588,106.6668954399999,4540.08,4303.81,4396.55
123.123208,5213,4849,4804,4992,123.17834072999993,5170.14,4720.07,4656.64
83.179411,5200,5096,4957,5092,83.19546823999995,5196.33,5088.54,4883.84
79.473242,5200,5081,4996,5109,79.48757314999999,5071.7,4955.05,4991.9
36.768928,5204,5100,4996,5108,36.73812853,5171.13,4983.04,4999.92
22.277967,5200,5096,4980,5133,22.274413429999996,5194.94,5091.76,4893.18
75.197184,5205,5108,4436,4544,75.18630196999999,5204.16,5092.7,4914.93
4.247597,5189,5092,5009,5113,4.336690779999998,5192.46,5086.03,5009.86
116.739087,5208,4856,5001,5116,116.73598420999998,5195.83,4840.08,4983.66
122.222294,5201,5077,4992,5108,122.23940758000012,5175.65,4956.48,4937.82
77.566823,5221,4821,4117,5149,77.66555147999996,5190.89,4997.69,4901.21
101.684166,4381,4085,4393,4581,101.66303817999992,4379.72,4096.67,4389.37
97.343832,5080,5081,5008,5101,97.31917101999997,5071.99,4884.39,4978.22
10.708834,4804,5005,4937,5052,10.739097149999985,5034.63,4987.06,4661.22
47.374705,5208,5089,5013,4644,47.42665404999999,5199.02,5081.6,4995.33
83.142383,5200,5085,4996,5108,83.17053648999996,5194.17,5078.31,4938.41
78.440428,5105,5089,4997,5104,78.42595017999997,5107.45,5077.54,5003.74
30.667006,4633,4320,4417,4556,30.704851110000007,4839.08,4575.16,4611.01
104.396961,4385,4185,4397,4584,104.38572998999999,4391.42,4184.12,4399.33
111.802031,4652,4624,4396,4628,111.70215724000008,4535.49,4472.23,4448.41
8.213148,5208,5056,4840,4700,8.242983949999998,5205.47,5025.07,4898.46
11.762207,4577,4301,4252,4469,11.790178179999996,4924.0,4804.61,4740.27
86.042106,5185,5085,5001,5108,86.02582265999992,5190.96,5083.77,4974.52
31.368937,5201,5081,4997,5109,31.341520000000017,5157.14,5075.51,4992.89
91.993683,5192,4405,4984,5116,91.97104145000009,5090.5,4376.16,4783.26
28.019789,5193,5092,4460,5113,27.995867829999995,5199.71,5098.06,4647.95
82.858302,5193,5101,4452,4509,82.83652783999996,5195.74,5093.71,4623.64
123.550198,4756,3933,4260,4524,123.60455177999998,4760.6,3928.59,4251.4
16.531732,5224,4504,5036,5117,16.518166390000015,5212.22,4668.64,5016.13
48.737906,5213,5084,4980,5108,48.72985950000001,5195.49,5095.1,4812.29
9.592965,5205,5096,4864,5145,9.622784009999998,5186.97,5088.01,4790.51
120.564899,4913,4657,4629,4976,120.63671859999994,4958.12,4482.77,4703.1
66.441331,5200,5089,4992,5116,66.48017694000002,5072.54,4946.21,4896.05
113.945231,5204,5101,4336,5152,113.94599484999999,5198.46,5104.33,4521.29
50.360948,5209,4520,5020,5116,50.33854419000006,5210.01,4595.78,5017.39
57.183438,5181,5089,5001,4945,57.16578479999998,5176.62,5086.86,5011.75
77.133891,5184,5081,4993,5105,77.11256053000001,5196.26,5089.9,4808.32
47.974747,5205,5085,4996,5100,48.01121683999996,5197.71,5089.61,4994.52
127.13723,4752,4272,4268,4508,127.14207954000005,4749.09,4268.48,4264.65
17.665658,5201,5048,5012,5113,17.640290540000013,5204.53,4821.6,5009.37
53.643469,5197,4852,5008,5112,53.59353558000004,5195.02,4768.79,5001.86
79.239376,5073,4985,5008,5112,79.21546255000011,5060.94,4967.29,5003.5
91.477355,4073,5029,5020,5133,91.52480998000004,4640.96,5031.35,4865.0
109.290726,5200,5084,5005,5113,109.29539764,5170.18,5082.29,4981.65
113.51294,5201,5097,5025,4500,113.37855016000002,5190.81,4741.6,4956.7
17.117302,5205,5096,4997,5116,17.11796975000001,5191.79,5093.88,4996.67
27.144987,5117,5089,5008,5112,27.155511939999982,4958.8,5062.85,4949.32
15.008985,5197,5097,4949,5112,15.012224900000003,5095.06,4988.03,4758.24
105.52671,5177,5084,5001,5108,105.52277121999992,5185.12,5092.23,5002.52
107.845992,4605,4405,4401,4585,107.81976005000011,4608.79,4418.12,4403.17
27.837046,5193,5089,5004,5117,27.817310389999985,5157.24,5092.91,5002.33
51.961678,4848,5092,5004,5108,51.90982958999998,4883.25,5096.04,4851.45
24.511547,5196,5089,5001,5084,24.545174230000022,5195.36,5093.27,5003.01
48.037986,5201,5093,5001,5049,48.022308809999956,5198.33,5089.91,4997.52
103.134284,4388,4136,4385,4577,103.12223363999999,4390.47,4137.72,4387.47
62.183325,5169,5089,5001,5057,62.16337087,4999.17,4765.89,4725.13
31.215662,5185,5089,4992,5101,31.31882864000001,4990.89,5039.32,4876.37
112.032001,5185,5093,5005,5113,112.08707387999993,5182.51,5090.11,4980.36
114.72558,5193,5088,4996,5101,114.74284715999991,5193.99,5092.94,4931.69
10.674214,5184,5085,5009,5109,10.592880079999995,5170.33,5077.41,4812.53
117.771222,4321,5093,5009,5105,117.7924150000001,4460.42,5050.37,4953.49
19.675333,5208,5092,5009,5040,19.601339039999992,5202.11,5092.74,4938.1
71.869136,5152,4972,5008,5133,71.85967981000005,5072.43,4635.15,4926.13
98.176888,5185,5069,4992,5101,98.18415511999996,5051.19,4957.78,4875.77
40.804691,5205,5085,5009,5112,40.811642129999946,5204.57,5083.96,4889.05
113.339337,5193,5097,5001,5081,113.31026171000009,5193.18,5092.8,4971.15
69.374236,5192,5093,4993,5104,69.38896397999996,5191.21,5076.5,4924.1
31.96475,5204,5100,5001,5069,31.951709059999974,5071.86,5011.4,4881.72
35.727755,5201,5084,5017,4660,35.66984448999999,5158.98,5070.21,4912.03
105.466914,5181,5085,5005,5104,105.45633323999989,5182.46,5093.14,4994.88
100.883292,4373,4072,4385,4588,100.89572127000008,4374.6,4074.17,4385.21
90.891441,5201,4960,5004,5101,90.91284562000004,5169.45,4975.64,4966.17
96.793665,4249,4093,4640,4628,96.79442859000011,4829.82,4332.11,4771.5
119.073057,5193,5077,4992,5112,119.08161942000008,4944.55,5087.53,4944.88
21.118775,5189,5100,5004,5117,21.110748019999992,4765.07,5062.13,4978.15
112.155968,5184,5096,5013,5108,112.16519362999992,5176.73,5089.47,4971.83
38.536138,5204,5093,4997,5093,38.57861938,5205.51,5079.91,4978.89
58.994839,5197,5088,4993,5109,58.95687043999997,5193.9,5090.67,4927.45
111.589171,4493,4393,4384,4588,111.58474042000002,4499.18,4411.87,4380.4
23.399817,5205,5093,4997,5040,23.388912530000024,5197.76,5088.56,5001.78
125.772016,4756,4004,4257,4513,125.81539983000002,4757.52,4024.32,4264.54
38.633076,5204,5088,5012,4712,38.65180113999998,5184.02,5089.01,4940.67
93.157934,5200,5104,4652,5149,93.13601554000005,5064.33,5042.16,4940.16
18.993417,5197,5089,5009,5112,19.11287422000001,5200.84,5093.93,4988.11
122.787019,4832,4996,5012,5064,122.74071722000001,4854.73,4727.82,4880.82
112.761068,5184,5089,4997,5100,112.7797989000001,5179.4,5082.4,5001.81
119.996008,4997,4536,4600,4809,120.01424862999994,5042.8,4560.2,4608.4
11.055754,5196,5092,5000,5113,11.049696169999995,4943.39,4791.57,4847.28
71.068233,5172,5060,4997,5105,71.11629968,5063.25,4842.31,4915.71
50.209374,5197,4953,5005,5117,50.214473910000066,5201.49,4650.64,4981.8
99.629197,4348,4017,4368,4569,99.60593656000006,4374.49,4024.49,4367.53
57.307753,5185,5092,5024,4493,57.25079474999997,5185.9,5091.68,5010.87
93.625438,5225,4408,4933,5145,93.61469596,5165.04,4672.42,4971.73
75.690163,5201,5101,4685,4529,75.6734547700001,5204.78,5084.65,4797.78
9.307779,5201,5085,5000,5113,9.301182100000009,5181.72,5086.12,4961.0
115.535184,5193,5093,5004,5109,115.51431477000004,5192.25,5089.84,4979.05
39.55727,5200,5097,5024,4577,39.576554009999995,5196.15,5079.93,4912.94
81.173999,5224,4204,4737,5137,81.21393163999997,5114.04,4724.3,4734.84
87.665215,5188,5060,4976,5089,87.65652880999991,5163.65,4974.5,4893.82
70.007168,5189,5052,4964,5116,70.00284352,5186.32,4729.38,4658.19
22.901385,5200,5064,4417,5136,22.92137776000001,5201.18,5091.66,4796.27
118.018051,5192,5089,5001,5113,117.99193675999999,5075.79,5068.65,4922.79
46.656017,5189,5088,5000,5100,46.721575380000004,5200.59,5090.23,4913.82
12.420121,5197,5093,5009,5117,12.416545849999993,5137.28,5063.73,4864.6
81.300193,5229,4345,4681,5137,81.29581358999994,5135.05,4702.51,4659.0
19.73446,5201,5096,5008,4940,19.715424359999997,5199.56,5087.86,4989.11
4.386884,5193,5097,5001,5136,4.3723567,5193.54,5088.07,5004.24
82.600908,5200,5080,5000,5112,82.56221133000007,5194.07,5088.46,4978.47
99.162369,4329,4005,4361,4572,99.15432804000015,4408.68,4034.14,4374.44
63.653514,5189,5092,5000,5116,63.64231129999995,5108.77,4964.48,4920.09
92.885524,5192,5096,5000,4992,92.91762001999994,4973.51,4965.52,4760.03
100.89998,4377,4076,4388,4580,100.93794139000009,4376.71,4075.68,4387.16
91.971144,5188,4297,4941,5117,91.93862964000013,5106.83,4341.02,4772.26
109.094365,5185,5089,5005,5116,109.08611154000002,5184.43,5085.34,4985.76
122.461318,5245,4076,4088,4485,122.47441416999987,5191.79,4504.51,4459.24
90.992314,5233,3973,4961,5109,90.97359134000006,5214.54,4438.18,4864.13
39.084719,5201,5089,5024,4512,39.071357750000004,5202.58,5088.15,4981.97
35.013399,5197,5093,4996,5061,34.97226138999998,5201.5,5073.39,4998.7
123.696983,4749,3929,4253,4521,123.69271611000003,4760.06,3931.33,4253.86
46.057888,5208,5088,4917,5109,46.058393380000005,5194.91,5092.3,4811.6
6.140533,5197,5085,4997,5136,6.102043670000001,5191.82,5081.46,4995.17
5.002081,5200,5088,5005,5105,4.967303320000005,5193.3,5088.5,5004.23
34.041674,5196,5077,5000,5116,34.03600325999999,5200.42,5071.73,4998.55
109.366972,5192,5100,5000,5108,109.36454322999997,5175.75,5074.57,4962.02
78.209225,5224,4577,4800,5141,78.18574616999996,5193.57,5042.14,4965.91
4.689838,5192,5093,4997,5109,4.673508089999998,5195.96,5089.25,5001.56
52.10317,4645,5104,5004,5140,52.034327629999986,4716.03,5098.05,4999.71
26.733462,5213,4477,4993,5137,26.741412539999974,4957.62,4822.32,4993.36
